<?xml version="1.0" encoding="UTF-8"?>
<infoList vendor="NXP">&#x0A;<info chip="MIMXRT1176xxxxx" name="MIMXRT1176xxxxx">&#x0A;<chip>&#x0A;<name>MIMXRT1176xxxxx</name>&#x0A;<family>MIMXRT1170</family>&#x0A;<vendor>NXP</vendor>&#x0A;<memory can_program="true" id="Flash" is_ro="true" size="0" type="Flash"/>&#x0A;<memory id="RAM" size="2048" type="RAM"/>&#x0A;<memoryInstance derived_from="Flash" driver="MIMXRT1170_SFDP_QSPI.cfx" id="BOARD_FLASH" location="0x30000000" size="0x4000000"/>&#x0A;<memoryInstance derived_from="RAM" id="SRAM_DTC_cm7" location="0x20000000" size="0x40000"/>&#x0A;<memoryInstance derived_from="RAM" id="SRAM_ITC_cm7" location="0x0" size="0x40000"/>&#x0A;<memoryInstance derived_from="RAM" id="SRAM_OC1" location="0x20240000" size="0x80000"/>&#x0A;<memoryInstance derived_from="RAM" id="SRAM_OC2" location="0x202c0000" size="0x80000"/>&#x0A;<memoryInstance derived_from="RAM" id="SRAM_OC_ECC1" location="0x20340000" size="0x10000"/>&#x0A;<memoryInstance derived_from="RAM" id="SRAM_OC_ECC2" location="0x20350000" size="0x10000"/>&#x0A;<memoryInstance derived_from="RAM" id="SRAM_OC_cm7" location="0x20360000" size="0x20000"/>&#x0A;<memoryInstance derived_from="RAM" id="BOARD_SDRAM" location="0x80000000" size="0x3000000"/>&#x0A;<memoryInstance derived_from="RAM" id="NCACHE_REGION" location="0x83000000" size="0x1000000"/>&#x0A;</chip>&#x0A;<processor>&#x0A;<name gcc_name="cortex-m4">Cortex-M4</name>&#x0A;<family>Cortex-M</family>&#x0A;</processor>&#x0A;<processor>&#x0A;<name gcc_name="cortex-m7">Cortex-M7</name>&#x0A;<family>Cortex-M</family>&#x0A;</processor>&#x0A;</info>&#x0A;</infoList>
